sense,antisense,efficacy
CUUGGAGUCGUUGGUGAAGUUUU,AACUUCACCAACGACUCCAAGUA,67.87
UGGAGUCGUUGGUGAAGUUUUUC,AAAACUUCACCAACGACUCCAAG,67.55
GAGUCGUUGGUGAAGUUUUUC,AAAACUUCACCAACGACUCCA,68.8
GGAGUCGUUGGUGAAGUUU,AAACUUCACCAACGACUCC,75.0
AGUCGUUGGUGAAGUUUUUCA,AAAAACUUCACCAACGACUCC,67.19
GAGUCGUUGGUGAAGUUUU,AAAACUUCACCAACGACUC,71.43
AGUCGUUGGUGAAGUUUUU,AAAAACUUCACCAACGACU,79.5
AGGCAGGCAGACUACUUAU,AUAAGUAGUCUGCCUGCCU,76.3
GGCAGACUACUUAUGAAUUUG,AAUUCAUAAGUAGUCUGCCUG,52.52
CAGACUACUUAUGAAUUUGCAAA,UGCAAAUUCAUAAGUAGUCUGCC,77.12
GACUACUUAUGAAUUUGCAAAAC,UUUGCAAAUUCAUAAGUAGUCUG,81.81
AUUGGUUCUGUGGGAUAUUAAUA,UUAAUAUCCCACAGAACCAAUAU,71.61
UGGUUCUGUGGGAUAUUAAUAAG,UAUUAAUAUCCCACAGAACCAAU,60.55
GGUUCUGUGGGAUAUUAAU,AUUAAUAUCCCACAGAACC,78.4
CGUCACUGCGCAUGCGUAU,AUACGCAUGCGCAGUGACG,75.0
CUGCGCAUGCGUAUGUGGUAG,ACCACAUACGCAUGCGCAGUG,44.58
GCAGCAACAGAGAAGAGAU,AUCUCUUCUCUGUUGCUGC,69.4
GAGAUCUAUCGCUCUCUAA,UUAGAGAGCGAUAGAUCUC,69.35
AGAUCUAUCGCUCUCUAAA,UUUAGAGAGCGAUAGAUCU,75.94
UCUAAAUCAGGUGAAGAAA,UUUCUUCACCUGAUUUAGA,44.7
GAAGUGGGUGAUGUAACAAUC,UUGUUACAUCACCCACUUCUU,68.89
AAGUGGGUGAUGUAACAAUCG,AUUGUUACAUCACCCACUUCU,69.49
CACUUCUUCCAUCGAUGAU,AUCAUCGAUGGAAGAAGUG,49.6
GCCUGUAUUGGAGACAGAU,AUCUGUCUCCAAUACAGGC,69.9
GAUUUUUGUUCCAUCGUAU,AUACGAUGGAACAAAAAUC,74.4
CCAUCGUAUAUCAAUAUCU,AGAUAUUGAUAUACGAUGG,76.7
GAACGCGCCUCAGCGAUUUUAAA,UAAAAUCGCUGAGGCGCGUUCAG,62.36
AACGCGCCUCAGCGAUUUUAAAU,UUAAAAUCGCUGAGGCGCGUUCA,54.85
ACGCGCCUCAGCGAUUUUA,UAAAAUCGCUGAGGCGCGU,69.8
GCGCCUCAGCGAUUUUAAAUC,UUUAAAAUCGCUGAGGCGCGU,66.81
GCCUCAGCGAUUUUAAAUCGUAU,ACGAUUUAAAAUCGCUGAGGCGC,63.53
CUCAGCGAUUUUAAAUCGUAU,ACGAUUUAAAAUCGCUGAGGC,61.82
AUCGUAUGCAGAAUAUUCA,UGAAUAUUCUGCAUACGAU,78.37
UCGUAUGCAGAAUAUUCAA,UUGAAUAUUCUGCAUACGA,82.9
CGUAUGCAGAAUAUUCAAU,AUUGAAUAUUCUGCAUACG,81.6
UAUGCAGAAUAUUCAAUUUGAAG,UCAAAUUGAAUAUUCUGCAUACG,76.27
GGUUGGCCACAAAAUCAAAAUGA,AUUUUGAUUUUGUGGCCAACCAC,45.87
GUUGGCCACAAAAUCAAAAUG,UUUUGAUUUUGUGGCCAACCA,57.11
GGUUGGCCACAAAAUCAAA,UUUGAUUUUGUGGCCAACC,79.6
UUGGCCACAAAAUCAAAAU,AUUUUGAUUUUGUGGCCAA,41.58
CGUUGGUGAAGUUUUUCAUUCCU,GAAUGAAAAACUUCACCAACGAC,88.89
CGUUGGUGAAGUUUUUCAA,UUGAAAAACUUCACCAACG,83.1
GGCAGGCAGACUACUUAUGAAUU,UUCAUAAGUAGUCUGCCUGCCUA,86.3
CAGGCAGACUACUUAUGAAUU,UUCAUAAGUAGUCUGCCUGCC,86.92
CAGGCAGACUACUUAUGAAUUUG,AAUUCAUAAGUAGUCUGCCUGCC,79.43
CAGGCAGACUACUUAUGAU,AUCAUAAGUAGUCUGCCUG,89.77
AAGAAAGAAGUGGGUGAUGUAAC,UACAUCACCCACUUCUUUCUUCA,81.91
GAAAGAAGUGGGUGAUGUAACAA,GUUACAUCACCCACUUCUUUCUU,58.93
GAAAGAAGUGGGUGAUGUU,AACAUCACCCACUUCUUUC,70.76
AUGAAGAGAUUACCAAGACAUUU,AUGUCUUGGUAAUCUCUUCAUCC,75.61
GAAGAGAUUACCAAGACAUUU,AUGUCUUGGUAAUCUCUUCAU,76.71
GAAGAGAUUACCAAGACAUUUGA,AAAUGUCUUGGUAAUCUCUUCAU,77.3
GAAGAGAUUACCAAGACAA,UUGUCUUGGUAAUCUCUUC,84.01
CAUCGUAUAUCAAUAUCUU,AAGAUAUUGAUAUACGAUG,33.3
CUUGGAGUCGUUGGUGAAGUUUU,AACUUCACCAACGACUCCAAGUA,49.01
UGGAGUCGUUGGUGAAGUUUUUC,AAAACUUCACCAACGACUCCAAG,36.25
GAGUCGUUGGUGAAGUUUUUC,AAAACUUCACCAACGACUCCA,45.02
GGAGUCGUUGGUGAAGUUU,AAACUUCACCAACGACUCC,56.7
AGUCGUUGGUGAAGUUUUUCA,AAAAACUUCACCAACGACUCC,38.82
GAGUCGUUGGUGAAGUUUU,AAAACUUCACCAACGACUC,43.52
AGUCGUUGGUGAAGUUUUU,AAAAACUUCACCAACGACU,61.2
AGGCAGGCAGACUACUUAU,AUAAGUAGUCUGCCUGCCU,50.7
CAGACUACUUAUGAAUUUGCAAA,UGCAAAUUCAUAAGUAGUCUGCC,47.57
GACUACUUAUGAAUUUGCAAAAC,UUUGCAAAUUCAUAAGUAGUCUG,63.4
AUUGGUUCUGUGGGAUAUUAAUA,UUAAUAUCCCACAGAACCAAUAU,46.94
UGGUUCUGUGGGAUAUUAAUAAG,UAUUAAUAUCCCACAGAACCAAU,25.4
GGUUCUGUGGGAUAUUAAU,AUUAAUAUCCCACAGAACC,62.5
CGUCACUGCGCAUGCGUAU,AUACGCAUGCGCAGUGACG,50.7
CUGCGCAUGCGUAUGUGGUAG,ACCACAUACGCAUGCGCAGUG,28.59
GCAGCAACAGAGAAGAGAU,AUCUCUUCUCUGUUGCUGC,42.2
GAGAUCUAUCGCUCUCUAA,UUAGAGAGCGAUAGAUCUC,39.6
AGAUCUAUCGCUCUCUAAA,UUUAGAGAGCGAUAGAUCU,51.06
GAAGUGGGUGAUGUAACAAUC,UUGUUACAUCACCCACUUCUU,27.56
AAGUGGGUGAUGUAACAAUCG,AUUGUUACAUCACCCACUUCU,26.79
GCCUGUAUUGGAGACAGAU,AUCUGUCUCCAAUACAGGC,31.3
GAUUUUUGUUCCAUCGUAU,AUACGAUGGAACAAAAAUC,42.8
CCAUCGUAUAUCAAUAUCU,AGAUAUUGAUAUACGAUGG,47.5
GAACGCGCCUCAGCGAUUUUAAA,UAAAAUCGCUGAGGCGCGUUCAG,25.48
ACGCGCCUCAGCGAUUUUA,UAAAAUCGCUGAGGCGCGU,47.2
GCGCCUCAGCGAUUUUAAAUC,UUUAAAAUCGCUGAGGCGCGU,31.03
GCCUCAGCGAUUUUAAAUCGUAU,ACGAUUUAAAAUCGCUGAGGCGC,27.61
CUCAGCGAUUUUAAAUCGUAU,ACGAUUUAAAAUCGCUGAGGC,29.25
AUCGUAUGCAGAAUAUUCA,UGAAUAUUCUGCAUACGAU,53.03
UCGUAUGCAGAAUAUUCAA,UUGAAUAUUCUGCAUACGA,69.7
CGUAUGCAGAAUAUUCAAU,AUUGAAUAUUCUGCAUACG,65.7
UAUGCAGAAUAUUCAAUUUGAAG,UCAAAUUGAAUAUUCUGCAUACG,54.23
GUUGGCCACAAAAUCAAAAUG,UUUUGAUUUUGUGGCCAACCA,21.91
GGUUGGCCACAAAAUCAAA,UUUGAUUUUGUGGCCAACC,67.4
CAUCGUAUAUCAAUAUCUU,AAGAUAUUGAUAUACGAUG,7.2
AGCGACGUCGAGGCGCUCAUU,UGAGCGCCUCGACGUCGCUUU,65.0
CGCUCAUGGUUGCAGGCGGUU,CCGCCUGCAACCAUGAGCGUU,44.0
GCUCAUGGUUGCAGGCGGGUU,CCCGCCUGCAACCAUGAGCUU,30.0
GCGGGCGCCGCCGUUCAGUUU,ACUGAACGGCGGCGCCCGCUU,58.0
CGGGCGCCGCCGUUCAGUUUU,AACUGAACGGCGGCGCCCGUU,68.0
GGGCGCCGCCGUUCAGUUCUU,GAACUGAACGGCGGCGCCCUU,63.0
CCGUUCAGUUCAGGGUCUGUU,CAGACCCUGAACUGAACGGUU,70.0
UUCAGUUCAGGGUCUGAGCUU,GCUCAGACCCUGAACUGAAUU,39.0
GUGAGACUGGCUCGGGCGGUU,CCGCCCGAGCCAGUCUCACUU,30.0
GGCCGGGACGCGUCGUUGCUU,GCAACGACGCGUCCCGGCCUU,64.0
GCCGGGACGCGUCGUUGCAUU,UGCAACGACGCGUCCCGGCUU,80.0
CCGGGACGCGUCGUUGCAGUU,CUGCAACGACGCGUCCCGGUU,62.0
GGACGCGUCGUUGCAGCAGUU,CUGCUGCAACGACGCGUCCUU,50.0
CACCGCAAGGCUCAAGGCGUU,CGCCUUGAGCCUUGCGGUGUU,25.0
CGCAAGGCUCAAGGCGCCGUU,CGGCGCCUUGAGCCUUGCGUU,22.0
CAAGGCUCAAGGCGCCGCCUU,GGCGGCGCCUUGAGCCUUGUU,17.0
GUGGACCGCGCACGGCCUCUU,GAGGCCGUGCGCGGUCCACUU,16.0
UGGACCGCGCACGGCCUCUUU,AGAGGCCGUGCGCGGUCCAUU,33.0
GGACCGCGCACGGCCUCUAUU,UAGAGGCCGUGCGCGGUCCUU,66.0
GACCGCGCACGGCCUCUAGUU,CUAGAGGCCGUGCGCGGUCUU,56.0
ACCGCGCACGGCCUCUAGGUU,CCUAGAGGCCGUGCGCGGUUU,37.0
CCGCGCACGGCCUCUAGGUUU,ACCUAGAGGCCGUGCGCGGUU,58.0
CGCGCACGGCCUCUAGGUCUU,GACCUAGAGGCCGUGCGCGUU,70.0
GCGCACGGCCUCUAGGUCUUU,AGACCUAGAGGCCGUGCGCUU,82.0
CGCACGGCCUCUAGGUCUCUU,GAGACCUAGAGGCCGUGCGUU,79.0
CUCUAGGUCUCCUCGCCAGUU,CUGGCGAGGAGACCUAGAGUU,81.0
UCUAGGUCUCCUCGCCAGGUU,CCUGGCGAGGAGACCUAGAUU,19.0
CUAGGUCUCCUCGCCAGGAUU,UCCUGGCGAGGAGACCUAGUU,18.0
AGGUCUCCUCGCCAGGACAUU,UGUCCUGGCGAGGAGACCUUU,68.0
CCUCGCCAGGACAGCAACCUU,GGUUGCUGUCCUGGCGAGGUU,26.0
GGCGCCCGUGCGCAGGAGGUU,CCUCCUGCGCACGGGCGCCUU,52.0
GACGGCCUGGCCGAAGCACUU,GUGCUUCGGCCAGGCCGUCUU,46.0
GGCCGAAGCACCCGAGCACUU,GUGCUCGGGUGCUUCGGCCUU,69.0
GCCGAAGCACCCGAGCACGUU,CGUGCUCGGGUGCUUCGGCUU,63.0
CCGAAGCACCCGAGCACGGUU,CCGUGCUCGGGUGCUUCGGUU,63.0
CCGAGCACGGAACCACAGCUU,GCUGUGGUUCCGUGCUCGGUU,37.0
CACCGCUGCGCCAAGGAUCUU,GAUCCUUGGCGCAGCGGUGUU,55.0
CCGCUGCGCCAAGGAUCCGUU,CGGAUCCUUGGCGCAGCGGUU,43.0
CGCUGCGCCAAGGAUCCGUUU,ACGGAUCCUUGGCGCAGCGUU,58.0
CUGCGCCAAGGAUCCGUGGUU,CCACGGAUCCUUGGCGCAGUU,49.0
AUCCGUGGAGGUUGCCUGGUU,CCAGGCAACCUCCACGGAUUU,11.0
GGUUGCCUGGCACCUACGUUU,ACGUAGGUGCCAGGCAACCUU,25.0
AGGAGACCCACCUCUCGCAUU,UGCGAGAGGUGGGUCUCCUUU,39.0
GGAGACCCACCUCUCGCAGUU,CUGCGAGAGGUGGGUCUCCUU,44.0
GAGACCCACCUCUCGCAGUUU,ACUGCGAGAGGUGGGUCUCUU,75.0
CCACCUCUCGCAGUCAGAGUU,CUCUGACUGCGAGAGGUGGUU,75.0
CCUCUCGCAGUCAGAGCGCUU,GCGCUCUGACUGCGAGAGGUU,36.0
CUCUCGCAGUCAGAGCGCAUU,UGCGCUCUGACUGCGAGAGUU,83.0
UCUCGCAGUCAGAGCGCACUU,GUGCGCUCUGACUGCGAGAUU,38.0
GGAACCUGGAGCGGAUUACUU,GUAAUCCGCUCCAGGUUCCUU,68.0
GAACCUGGAGCGGAUUACCUU,GGUAAUCCGCUCCAGGUUCUU,28.0
AACCUGGAGCGGAUUACCCUU,GGGUAAUCCGCUCCAGGUUUU,15.0
CCCUCCACGGUACCGGGCGUU,CGCCCGGUACCGUGGAGGGUU,29.0
CCGACUUCGAGAAUGUGCCUU,GGCACAUUCUCGAAGUCGGUU,74.0
GGAGGACGGGACCCGCUUCUU,GAAGCGGGUCCCGUCCUCCUU,47.0
GGGUGCCAGCAUGCGCAGCUU,GCUGCGCAUGCUGGCACCCUU,55.0
CAAGGGAAGGGCACGGUUAUU,UAACCGUGCCCUUCCCUUGUU,74.0
AAGGGAAGGGCACGGUUAGUU,CUAACCGUGCCCUUCCCUUUU,66.0
AGGGAAGGGCACGGUUAGCUU,GCUAACCGUGCCCUUCCCUUU,36.0
GGGAAGGGCACGGUUAGCGUU,CGCUAACCGUGCCCUUCCCUU,14.0
GGAAGGGCACGGUUAGCGGUU,CCGCUAACCGUGCCCUUCCUU,59.0
GAAGGGCACGGUUAGCGGCUU,GCCGCUAACCGUGCCCUUCUU,57.0
AAGGGCACGGUUAGCGGCAUU,UGCCGCUAACCGUGCCCUUUU,36.0
AGGGCACGGUUAGCGGCACUU,GUGCCGCUAACCGUGCCCUUU,54.0
CACGGUUAGCGGCACCCUCUU,GAGGGUGCCGCUAACCGUGUU,73.0
ACGGUUAGCGGCACCCUCAUU,UGAGGGUGCCGCUAACCGUUU,56.0
GUUAGCGGCACCCUCAUAGUU,CUAUGAGGGUGCCGCUAACUU,51.0
UUAGCGGCACCCUCAUAGGUU,CCUAUGAGGGUGCCGCUAAUU,0.0
CCUGGCGGGUGGGUACAGCUU,GCUGUACCCACCCGCCAGGUU,38.0
GGCGGGUGGGUACAGCCGCUU,GCGGCUGUACCCACCCGCCUU,48.0
GGUGGGUACAGCCGCGUCCUU,GGACGCGGCUGUACCCACCUU,75.0
UGGGUACAGCCGCGUCCUCUU,GAGGACGCGGCUGUACCCAUU,64.0
GCCGCGUCCUCAACGCCGCUU,GCGGCGUUGAGGACGCGGCUU,73.0
CCGCGUCCUCAACGCCGCCUU,GGCGGCGUUGAGGACGCGGUU,44.0
GCUCCCGAGGUCAUCACAGUU,CUGUGAUGACCUCGGGAGCUU,54.0
CUCCCGAGGUCAUCACAGUUU,ACUGUGAUGACCUCGGGAGUU,81.0
UCCCGAGGUCAUCACAGUUUU,AACUGUGAUGACCUCGGGAUU,75.0
CCAAGACCAGCCGGUGACCUU,GGUCACCGGCUGGUCUUGGUU,41.0
CAAGACCAGCCGGUGACCCUU,GGGUCACCGGCUGGUCUUGUU,0.0
CACAGAGUGGGACAUCACAUU,UGUGAUGUCCCACUCUGUGUU,76.0
ACUGUAUGGUCAGCACACUUU,AGUGUGCUGACCAUACAGUUU,75.0
UGUAUGGUCAGCACACUCGUU,CGAGUGUGCUGACCAUACAUU,27.0
GUAUGGUCAGCACACUCGGUU,CCGAGUGUGCUGACCAUACUU,0.0
GGAUGGCCACAGCCGUCGCUU,GCGACGGCUGUGGCCAUCCUU,8.0
GAUGGCCACAGCCGUCGCCUU,GGCGACGGCUGUGGCCAUCUU,19.0
CAAGCUGGUCUGCCGGGCCUU,GGCCCGGCAGACCAGCUUGUU,35.0
ACCCACAAGCCGCCUGUGCUU,GCACAGGCGGCUUGUGGGUUU,18.0
GGCCACGAGGUCAGCCCAAUU,UUGGGCUGACCUCGUGGCCUU,70.0
CGAGGUCAGCCCAACCAGUUU,ACUGGUUGGGCUGACCUCGUU,70.0
GUCAGCCCAACCAGUGCGUUU,ACGCACUGGUUGGGCUGACUU,64.0
CAGCCCAACCAGUGCGUGGUU,CCACGCACUGGUUGGGCUGUU,65.0
CACAGGGAGGCCAGCAUCCUU,GGAUGCUGGCCUCCCUGUGUU,53.0
GCCUACGCCGUAGACAACAUU,UGUUGUCUACGGCGUAGGCUU,62.0
CCUACGCCGUAGACAACACUU,GUGUUGUCUACGGCGUAGGUU,81.0
CUACGCCGUAGACAACACGUU,CGUGUUGUCUACGGCGUAGUU,57.0
UACGCCGUAGACAACACGUUU,ACGUGUUGUCUACGGCGUAUU,41.0
CGCCGUAGACAACACGUGUUU,ACACGUGUUGUCUACGGCGUU,87.0
GCCGUAGACAACACGUGUGUU,CACACGUGUUGUCUACGGCUU,85.0
CCGUAGACAACACGUGUGUUU,ACACACGUGUUGUCUACGGUU,86.0
CGUAGACAACACGUGUGUAUU,UACACACGUGUUGUCUACGUU,58.0
UAGACAACACGUGUGUAGUUU,ACUACACACGUGUUGUCUAUU,79.0
AGACAACACGUGUGUAGUCUU,GACUACACACGUGUUGUCUUU,72.0
GACAACACGUGUGUAGUCAUU,UGACUACACACGUGUUGUCUU,65.0
ACAACACGUGUGUAGUCAGUU,CUGACUACACACGUGUUGUUU,65.0
CAACACGUGUGUAGUCAGGUU,CCUGACUACACACGUGUUGUU,78.0
CACGUGUGUAGUCAGGAGCUU,GCUCCUGACUACACACGUGUU,58.0
ACGUGUGUAGUCAGGAGCCUU,GGCUCCUGACUACACACGUUU,69.0
CGUGUGUAGUCAGGAGCCGUU,CGGCUCCUGACUACACACGUU,77.0
UGUGUAGUCAGGAGCCGGGUU,CCCGGCUCCUGACUACACAUU,82.0
AGCCGGGACGUCAGCACUAUU,UAGUGCUGACGUCCCGGCUUU,81.0
CCGGGACGUCAGCACUACAUU,UGUAGUGCUGACGUCCCGGUU,84.0
CCGUGACAGCCGUUGCCAUUU,AUGGCAACGGCUGUCACGGUU,63.0
CCCAUCCCAGGAUGGGUGUUU,ACACCCAUCCUGGGAUGGGUU,0.0
CAUCCCAGGAUGGGUGUCUUU,AGACACCCAUCCUGGGAUGUU,38.0
AGCUUUAAAAUGGUUCCGAUU,UCGGAACCAUUUUAAAGCUUU,78.0
GCUUUAAAAUGGUUCCGACUU,GUCGGAACCAUUUUAAAGCUU,94.0
CUUUAAAAUGGUUCCGACUUU,AGUCGGAACCAUUUUAAAGUU,86.0
UUUAAAAUGGUUCCGACUUUU,AAGUCGGAACCAUUUUAAAUU,53.0
UUAAAAUGGUUCCGACUUGUU,CAAGUCGGAACCAUUUUAAUU,39.0
UAAAAUGGUUCCGACUUGUUU,ACAAGUCGGAACCAUUUUAUU,78.0
AAAAUGGUUCCGACUUGUCUU,GACAAGUCGGAACCAUUUUUU,55.0
AAAUGGUUCCGACUUGUCCUU,GGACAAGUCGGAACCAUUUUU,49.0
AAUGGUUCCGACUUGUCCCUU,GGGACAAGUCGGAACCAUUUU,4.0
GGUUCCGACUUGUCCCUCUUU,AGAGGGACAAGUCGGAACCUU,88.0
CUCCAUGGCCUGGCACGAGUU,CUCGUGCCAGGCCAUGGAGUU,78.0
CCAUGGCCUGGCACGAGGGUU,CCCUCGUGCCAGGCCAUGGUU,70.0
GAACUCACUCACUCUGGGUUU,ACCCAGAGUGAGUGAGUUCUU,80.0
UCACUCACUCUGGGUGCCUUU,AGGCACCCAGAGUGAGUGAUU,4.0
UUUCACCAUUCAAACAGGUUU,ACCUGUUUGAAUGGUGAAAUU,25.0
CAUUCAAACAGGUCGAGCUUU,AGCUCGACCUGUUUGAAUGUU,84.0
AUUCAAACAGGUCGAGCUGUU,CAGCUCGACCUGUUUGAAUUU,59.0
UUCAAACAGGUCGAGCUGUUU,ACAGCUCGACCUGUUUGAAUU,61.0
UCAAACAGGUCGAGCUGUGUU,CACAGCUCGACCUGUUUGAUU,51.0
CAAACAGGUCGAGCUGUGCUU,GCACAGCUCGACCUGUUUGUU,84.0
AAACAGGUCGAGCUGUGCUUU,AGCACAGCUCGACCUGUUUUU,85.0
AACAGGUCGAGCUGUGCUCUU,GAGCACAGCUCGACCUGUUUU,87.0
CAGGUCGAGCUGUGCUCGGUU,CCGAGCACAGCUCGACCUGUU,87.0
AGGUCGAGCUGUGCUCGGGUU,CCCGAGCACAGCUCGACCUUU,60.0
GUCGAGCUGUGCUCGGGUGUU,CACCCGAGCACAGCUCGACUU,81.0
UCGAGCUGUGCUCGGGUGCUU,GCACCCGAGCACAGCUCGAUU,67.0
AGCUGCUCCCAAUGUGCCGUU,CGGCACAUUGGGAGCAGCUUU,75.0
GCUGCUCCCAAUGUGCCGAUU,UCGGCACAUUGGGAGCAGCUU,91.0
UGCUCCCAAUGUGCCGAUGUU,CAUCGGCACAUUGGGAGCAUU,67.0
UCCCAAUGUGCCGAUGUCCUU,GGACAUCGGCACAUUGGGAU,24.0
CCAAUGUGCCGAUGUCCGUUU,ACGGACAUCGGCACAUUGGUU,86.0
CAAUGUGCCGAUGUCCGUGUU,CACGGACAUCGGCACAUUGUU,84.0
AAUGUGCCGAUGUCCGUGGUU,CCACGGACAUCGGCACAUUUU,42.0
CCGAUGUCCGUGGGCAGAAUU,UUCUGCCCACGGACAUCGGU,80.0
GAUGUCCGUGGGCAGAAUGUU,CAUUCUGCCCACGGACAUCUU,85.0
GUCCGUGGGCAGAAUGACUUU,AGUCAUUCUGCCCACGGACUU,82.0
UCCGUGGGCAGAAUGACUUUU,AAGUCAUUCUGCCCACGGAUU,83.0
UGGGCAGAAUGACUUUUAUUU,AUAAAAGUCAUUCUGCCCAUU,89.0
ACUUUUAUUGAGCUCUUGUUU,ACAAGAGCUCAAUAAAAGUUU,87.0
AUUGAGCUCUUGUUCCGUGUU,CACGGAACAAGAGCUCAAUUU,70.0
AGCUCUUGUUCCGUGCCAGUU,CUGGCACGGAACAAGAGCUUU,79.0
GCUCUUGUUCCGUGCCAGGUU,CCUGGCACGGAACAAGAGCUU,84.0
UGUUCCGUGCCAGGCAUUCUU,GAAUGCCUGGCACGGAACAUU,80.0
GUUCCGUGCCAGGCAUUCAUU,UGAAUGCCUGGCACGGAACUU,82.0
UUCCGUGCCAGGCAUUCAAUU,UUGAAUGCCUGGCACGGAAUU,82.0
CGUGCCAGGCAUUCAAUCCUU,GGAUUGAAUGCCUGGCACGUU,85.0
GUGCCAGGCAUUCAAUCCUUU,AGGAUUGAAUGCCUGGCACUU,84.0
CAAUCCUCAGGUCUCCACCUU,GGUGGAGACCUGAGGAUUGUU,38.0
GCAGGAUUCUUCCCAUGGAUU,UCCAUGGGAAGAAUCCUGCUU,93.0
UGCAGGGACAAACAUCGUUUU,AACGAUGUUUGUCCCUGCAUU,87.0
GCAGGGACAAACAUCGUUGUU,CAACGAUGUUUGUCCCUGCUU,92.0
AGGGACAAACAUCGUUGGGUU,CCCAACGAUGUUUGUCCCUUU,60.0
CCCUCAUCUCCAGCUAACUUU,AGUUAGCUGGAGAUGAGGGUU,86.0
CAUCUCCAGCUAACUGUGGUU,CCACAGUUAGCUGGAGAUGUU,73.0
GCUCCCUGAUUAAUGGAGGUU,CCUCCAUUAAUCAGGGAGCUU,73.0
CCCUGAUUAAUGGAGGCUUUU,AAGCCUCCAUUAAUCAGGGUU,86.0
CCUGAUUAAUGGAGGCUUAUU,UAAGCCUCCAUUAAUCAGGUU,89.0
UGAUUAAUGGAGGCUUAGCUU,GCUAAGCCUCCAUUAAUCAUU,62.0
GAUUAAUGGAGGCUUAGCUUU,AGCUAAGCCUCCAUUAAUCUU,85.0
AUUAAUGGAGGCUUAGCUUUU,AAGCUAAGCCUCCAUUAAUUU,77.0
UUAAUGGAGGCUUAGCUUUUU,AAAGCUAAGCCUCCAUUAAUU,69.0
AGGCUGGAGACAGGUGCGCUU,GCGCACCUGUCUCCAGCCUUU,68.0
GGCUGGAGACAGGUGCGCCUU,GGCGCACCUGUCUCCAGCCUU,61.0
GCUGGAGACAGGUGCGCCCUU,GGGCGCACCUGUCUCCAGCUU,51.0
UUCCUGAGCCACCUUUACUUU,AGUAAAGGUGGCUCAGGAAUU,65.0
UCCUGAGCCACCUUUACUCUU,GAGUAAAGGUGGCUCAGGAUU,61.0
CCUGAGCCACCUUUACUCUUU,AGAGUAAAGGUGGCUCAGGUU,82.0
UGAGCCACCUUUACUCUGCUU,GCAGAGUAAAGGUGGCUCAUU,50.0
AGCCACCUUUACUCUGCUCUU,GAGCAGAGUAAAGGUGGCUUU,46.0
CACCUUUACUCUGCUCUAUUU,AUAGAGCAGAGUAAAGGUGUU,77.0
AUGCCAGGCUGUGCUAGCAUU,UGCUAGCACAGCCUGGCAUUU,88.0
AGGCUGUGCUAGCAACACCUU,GGUGUUGCUAGCACAGCCUUU,76.0
CUGUGCUAGCAACACCCAAUU,UUGGGUGUUGCUAGCACAGUU,87.0
GCUAGCAACACCCAAAGGUUU,ACCUUUGGGUGUUGCUAGCUU,81.0
GGAGCCAUCACCUAGGACUUU,AGUCCUAGGUGAUGGCUCCUU,76.0
CACCUAGGACUGACUCGGCUU,GCCGAGUCAGUCCUAGGUGUU,64.0
AGGACUGACUCGGCAGUGUUU,ACACUGCCGAGUCAGUCCUUU,69.0
GGACUGACUCGGCAGUGUGUU,CACACUGCCGAGUCAGUCCUU,80.0
UGGUGCAUGCACUGUCUCAUU,UGAGACAGUGCAUGCACCAUU,81.0
AUGCACUGUCUCAGCCAACUU,GUUGGCUGAGACAGUGCAUUU,67.0
CUGUCUCAGCCAACCCGCUUU,AGCGGGUUGGCUGAGACAGUU,76.0
AACCCGCUCCACUACCCGGUU,CCGGGUAGUGGAGCGGGUUUU,38.0
CCGCUCCACUACCCGGCAGUU,CUGCCGGGUAGUGGAGCGGUU,70.0
CUACCCGGCAGGGUACACAUU,UGUGUACCCUGCCGGGUAGUU,88.0
UACCCGGCAGGGUACACAUUU,AUGUGUACCCUGCCGGGUAUU,79.0
ACCCGGCAGGGUACACAUUUU,AAUGUGUACCCUGCCGGGUUU,89.0
CCCGGCAGGGUACACAUUCUU,GAAUGUGUACCCUGCCGGGUU,82.0
CGGCAGGGUACACAUUCGCUU,GCGAAUGUGUACCCUGCCGUU,50.0
GCAGGGUACACAUUCGCACUU,GUGCGAAUGUGUACCCUGCUU,88.0
CAGGGUACACAUUCGCACCUU,GGUGCGAAUGUGUACCCUGUU,27.0
AGGGUACACAUUCGCACCCUU,GGGUGCGAAUGUGUACCCUUU,64.0
GGAACUGAGCCAGAAACGCUU,GCGUUUCUGGCUCAGUUCCUU,81.0
GAACUGAGCCAGAAACGCAUU,UGCGUUUCUGGCUCAGUUCUU,93.0
AACUGAGCCAGAAACGCAGUU,CUGCGUUUCUGGCUCAGUUUU,83.0
UGAGCCAGAAACGCAGAUUUU,AAUCUGCGUUUCUGGCUCAUU,81.0
AGAAACGCAGAUUGGGCUGUU,CAGCCCAAUCUGCGUUUCUUU,62.0
AACGCAGAUUGGGCUGGCUUU,AGCCAGCCCAAUCUGCGUUUU,48.0
UCUUCUUACUUCACCCGGCUU,GCCGGGUGAAGUAAGAAGAUU,21.0
CUUCUUACUUCACCCGGCUUU,AGCCGGGUGAAGUAAGAAGUU,76.0
UUCUUACUUCACCCGGCUGUU,CAGCCGGGUGAAGUAAGAAUU,48.0
GGGCUCCUCAUUUUUACGGUU,CCGUAAAAAUGAGGAGCCCUU,73.0
GGCUCCUCAUUUUUACGGGUU,CCCGUAAAAAUGAGGAGCCUU,78.0
GCUCCUCAUUUUUACGGGUUU,ACCCGUAAAAAUGAGGAGCUU,89.0
CUCCUCAUUUUUACGGGUAUU,UACCCGUAAAAAUGAGGAGUU,82.0
UCCUCAUUUUUACGGGUAAUU,UUACCCGUAAAAAUGAGGAUU,87.0
CCUCAUUUUUACGGGUAACUU,GUUACCCGUAAAAAUGAGGUU,77.0
CUCAUUUUUACGGGUAACAUU,UGUUACCCGUAAAAAUGAGUU,87.0
CAUUUUUACGGGUAACAGUUU,ACUGUUACCCGUAAAAAUGUU,80.0
AUUUUUACGGGUAACAGUGUU,CACUGUUACCCGUAAAAAUUU,10.0
UUUACGGGUAACAGUGAGGUU,CCUCACUGUUACCCGUAAAUU,28.0
CAGACCAGGAAGCUCGGUGUU,CACCGAGCUUCCUGGUCUGUU,86.0
GACCAGGAAGCUCGGUGAGUU,CUCACCGAGCUUCCUGGUCUU,81.0
CCAGGAAGCUCGGUGAGUGUU,CACUCACCGAGCUUCCUGGUU,83.0
GGAAGCUCGGUGAGUGAUGUU,CAUCACUCACCGAGCUUCCUU,82.0
GUGAGUGAUGGCAGAACGAUU,UCGUUCUGCCAUCACUCACUU,92.0
GAGUGAUGGCAGAACGAUGUU,CAUCGUUCUGCCAUCACUCUU,89.0
GAUGGCAGAACGAUGCCUGUU,CAGGCAUCGUUCUGCCAUCUU,64.0
AGAACGAUGCCUGCAGGCAUU,UGCCUGCAGGCAUCGUUCUUU,82.0
ACGAUGCCUGCAGGCAUGGUU,CCAUGCCUGCAGGCAUCGUUU,25.0
GCAGGCAUGGAACUUUUUCUU,GAAAAAGUUCCAUGCCUGCUU,79.0
GGAACUUUUUCCGUUAUCAUU,UGAUAACGGAAAAAGUUCCUU,94.0
GAACUUUUUCCGUUAUCACUU,GUGAUAACGGAAAAAGUUCUU,72.0
AACUUUUUCCGUUAUCACCUU,GGUGAUAACGGAAAAAGUUUU,0.0
UAUCACCCAGGCCUGAUUCUU,GAAUCAGGCCUGGGUGAUAUU,12.0
AGGCCUGAUUCACUGGCCUUU,AGGCCAGUGAAUCAGGCCUUU,57.0
UGAUUCACUGGCCUGGCGGUU,CCGCCAGGCCAGUGAAUCAUU,1.0
AUUCACUGGCCUGGCGGAGUU,CUCCGCCAGGCCAGUGAAUUU,5.0
GCUUCUAAGGCAUGGUCGGUU,CCGACCAUGCCUUAGAAGCUU,82.0
CUUCUAAGGCAUGGUCGGGUU,CCCGACCAUGCCUUAGAAGUU,60.0
GAGGGCCAACAACUGUCCCUU,GGGACAGUUGUUGGCCCUCUU,17.0
CCUUUUUACAGCCAACUUUUU,AAAGUUGGCUGUAAAAAGGUU,95.0
AGCCAACUUUUCUAGACCUUU,AGGUCUAGAAAAGUUGGCUUU,77.0
ACUUUUCUAGACCUGUUUUUU,AAAACAGGUCUAGAAAAGUUU,88.0
AUAAAAACAAACAAACGUUUU,AACGUUUGUUUGUUUUUAUUU,79.0
AAACAAACAAACGUUGUCCUU,GGACAACGUUUGUUUGUUUUU,27.0
AACAAACAAACGUUGUCCUUU,AGGACAACGUUUGUUUGUUUU,59.0
GACGAUGCCUGCCUCUACU,AGUAGAGGCAGGCAUCGUCCC,90.0
GACGAUGCCUGCCUCUACU,AGUAGAGGCAGGCAUCGUCCC,49.0
GACGUAAACGGCCACAAGUUC,ACUUGUGGCCGUUUACGUCGC,85.5
AUCUGAAGAAGGAGAAAAAUU,UUUUUCUCCUUCUUCAGAUUU,88.0
AUCUGAAGAAGGAGAAAAAUU,UCCUUUCUUUCUUUCGAAUUU,2.0
CGUACGCGGAAUACUUCGAUU,UCGAAGUAUUCCGCGUACGUG,4.23
GCAGCACGACUUCUUCAAGUU,CUUGAAGAAGUCGUGCUGCUU,77.3
UUCUUCGAACGUGUCACGUUU,ACGUGACACGUUCGAAGAAUU,26.0
GGCCUUUCACUACUCCUACGA,GUAGGAGUAGUGAAAGGCCAG,88.0
GGCCUUUCACUACUCCUACGA,GUAGGAGUAGUGAAAGGCCAG,48.0
AAGGAGAUCAACAUUUUCAUU,UGAAAAUGUUGAUCUCCUUUU,81.0
AAGUAAGGACCAGAGACAAA,UUUGUCUCUGGUCCUUACUU,0.0
AAGUAAGGACCAGAGACAA,UUGUCUCUGGUCCUUACUU,0.0
AAGUAAGGACCAGAGACAAUU,UUGUCUCUGGUCCUUACUUUU,66.0
AAGUAAGGACCAGAGACAA,UUGUCUCUGGUCCUUACUU,72.0
AAGCAAGGAGAAGCGAUAA,UUAUCGCUUCUCGUUGCUU,0.0
GGGUAAAUACAUUCUUCAUUU,AUGAAGAAUGUAUUUACCCUU,62.0
GGGUAAAUACAUUCUUCAU,AUGAAGAAUGUAUUUACCC,64.0
GGGAAAGUAUCUUGUUUAU,AUAAACAAGAUACUUUCCC,10.0
ACAUGAAGCAGCACGACUUUU,AAGUCGUGCUGCUUCAUGUUU,90.0
AUGAAGCAGCACGACUUUU,AAGUCGUGCUGCUUCAUUU,75.0
AGCUUUGUGGAGAUGGUGGUU,CCACCAUCUCCACAAAGCUUU,70.0
AUACAGGCAGCAGUAACUUUUU,AAAGUUACUGCUGCCUGUAUUU,62.0
AUCUGAAGAAGGAGAAAAAUU,UUUUUCUCCUUCUUCAGAUUU,91.0
CGUGACCGCACACCCAAUAUU,UAUUGGGUGUGCGGUCACGGU,26.0
ACCUUGAGGCAUACUUCAAUU,UUGAAGUAUGCCUCAAGGUCG,90.0
CUUCUUCGUCGAGACCAUGUU,CAUGGUCUCGACGAAGAAGUU,35.0
CUUCUUCGUCGAGACCAUGUU,CAUGGUCUCGACGAAGAAGUU,64.0
CUUCUUCGUCGAGACCAUGUU,CAUGGUCUCGACGAAGAAGUU,82.0
AAUCAGACAAGUUCUUCAUUU,AUGAAGAACUUGUCUGAUUUU,96.0
AAUCAGACAAGUUCUUCAUUU,AUGAAGAACUUGUCUGAUUUU,83.0
GGAUAUUGUCAGUCUUUAGGUU,CCUAAAGACUGACAAUAUCCUU,62.0
GGAUAUUGUCAGUCUUUAGGUU,CCUAAAGACUGACAAUAUCCUU,82.0
AUCUGAAGAAGGAGAAAAAUU,UUUUUCUCCUUCUUCAGAUUU,0.0
GGCCUUUCACUACUCCUACGA,GUAGGAGUAGUGAAAGGCCAG,83.0
CAGCAAACCACGAUCAAUAUU,UAUUGAUCGUGGUUUGCUGUU,71.0
CAGAGCAAUUGUUUACCUAUU,UAGGUAAACAAUUGCUCUGUU,73.0
GGAUUGACCUCUCAUAUAAUU,UUAUAUGAGAGGUCAAUCCUU,0.0
UGGCCAAUGCCAAGGAGAUUU,AUCUCCUUGGCAUUGGCCAUU,16.0
UGGCCAAUGCCAAGGAGAUUU,AUCUCCUUGGCAUUGGCCAUU,49.0
UGGCCAAUGCCAAGGAGAUUU,AUCUCCUUGGCAUUGGCCAUU,60.0
UGGCCAAUGCCAAGGAGAUUU,AUCUCCUUGGCAUUGGCCAUU,90.0
GCUGACCCUGAAGUUCAUCUU,GAUGAACUUCAGGGUCAGCUU,90.0
CUUACGCUGAGUACUUCGAUU,UCGAAGUACUCAGCGUAAGUU,0.0
CUUACGCUGAGUACUUCGAUU,UCGAAGUACUCAGCGUAAUU,35.0
GCGGAUCAAACCUCACCAAUU,UUGGUGAGGUUUGAUCCGCUU,93.0
GACGUAAACGGCCACAAGUUC,ACUUGUGGCCGUUUACGUCGC,71.0
CGUACGCGGAAUACUUCGAUU,UCGAAGUAUUCCGCGUACGUU,69.0
CGUACGCGGAAUACUUCGAUU,UCGAAGUAUUCCGCGUACGUU,75.0
UGUACGCGGAAUACUUCGAUU,UCGAAGUAUUCCGCGUACGUU,65.0
UUAGUCGAAUGCAAGACAAUU,UUGUCUUGCAUUCGACUAAUU,90.0
UUAAGAUCUGUUAUCCGCAUU,UGCGGAUAACAGAUCUUAAUU,89.0
UUAAGAUCUGUUAUCCGCAUU,UGCGGAUAACAGAUCUUAAUU,70.0
UUAAGAUCUGUUAUCCGCAUU,AGCGGAUAACAGAUCUUAAUU,69.0
UUAAGAUCUGUUAUCCGCAUU,UCCGGAUAACAGAUCUUAAUU,76.0
UUAAGAUCUGUUAUCCGCAUU,UGGGGAUAACAGAUCUUAAUU,65.0
UUAAGAUCUGUUAUCCGCAUU,UGCCGAUAACAGAUCUUAAUU,60.0
UUAAGAUCUGUUAUCCGCAUU,UGCGCAUAACAGAUCUUAAUU,61.0
CGAUGUGUCUAUUGAAGAUUC,AUCUUCAAUAGACACAUCGGC,3.0
CGAUGUGUCUAUUGAAGAUUC,AUCUUCAAUAGACACAUCGGC,14.0
CGAUGUGUCUAUUGAAGAUUC,AUCUUCAAUAGACACAUCGGC,55.0
CGAUGUGUCUAUUGAAGAUUC,AUCUUCAAUAGACACAUCGGC,68.0
CUUACGCUGAGUACUUCGAUU,UCGAAGUACUCAGCGUAAGUU,88.0
UCGAAGUAUUCCGCGUACGUU,CGUACGCGGAAUACUUCGAUU,83.0
UCGAAGUAUUCCGCGUACGUU,CGUACGCGGAAUACUUCGAUU,80.0
UCGAAGUAUUCCGCGUACGUU,CGUACGCGGAAUACUUCGAUU,75.0
UCGAAGUAUUCCGCGUACGUU,CGUACGCGGAAUACUUCGAUU,64.0
CUAAGGACCUAACAAAGUUUU,AACUUUGUUAGGUCCUUAGUU,0.0
CUAAGGACCUAACAAAGUUUU,AACUUUGUUAGGUCCUUAGUU,2.75
CUAAGGACCUAACAAAGUUUU,AACUUUGUUAGGUCCUUAGUU,2.55
CUAAGGACCUAACAAAGUUUUU,AACUUUGUUAGGUCCUUAGUU,2.9
CUAAGGACCUAACAAAGUUUU,AACUUUGUUAGGUCCUUAGUU,4.0
UCGAAGUAUUCCGCGUACGUU,CGUACGCGGAAUACUUCGAUU,78.0
UCGAAGUAUUCCGCGUACGUU,CGUACGCGGAAUACUUCGAUU,74.0
UCGAAGUAUUCCGCGUACGUU,CGUACGCGGAAUACUUCGAUU,72.0
UCGAAGUAUUCCGCGUACGUU,CGUACGCGGAAUACUUCGAUU,67.0
UCGAAGUAUUCCGCGUACGUU,CGUACGCGGAAUACUUCGAUU,77.0
UCGAAGUAUUCCGCGUACGUU,CGUACGCGGAAUACUUCGAUU,69.0
UCGAAGUAUUCCGCGUACGUU,CGUACGCGGAAUACUUCGAUU,66.0
UCGAAGUAUUCCGCGUACGUU,CGUACGCGGAAUACUUCGAUU,70.0
CUUACGCUGAGUACUUCGAAA,UCGAAGUACUCAGCGUAAGUG,0.0
AAGUAAGGACCAGAGACAAUU,UUGUCUCUGGUCCUUACUUUU,0.0
CAAGUGUCAUCACACUGAAUU,UUCAGUGUGAUGACACUUGUU,61.0
CAAGUGUCAUCACACUGAAUU,UUCAGUGUGAUGACACUUGUU,81.0
GUAUGACCGACUACGCGUAUU,UUCAGUGUGAUGACACUUGUU,95.0
GCAGCACGACUUCUUCAAGUU,CUUGAAGAAGUCGUGCUGCUU,93.0
GCAGCACGACUUCUUCAAGUU,CUUGAAGAAGUCGUGCUGCUU,35.0
GCAGCACGACUUCUUCAAGUU,CUUGAAGAAGUCGUGCUGCUU,77.0
GACGUAAACGGCCACAAGUUCU,ACUUGUGGCCGUUUACGUCGCU,89.0
GUUCACCUUGAUGCCGUUCUU,GAACGGCAUCAAGGUGAACUU,78.0
GUUCACCUUGAUGCCGUUCUU,GAACGGAACUACGGUGAACUU,0.0
GUUCACCUUGAUGCCGUUCUU,GCACGACUUCUUCAAGUCCUU,65.0
GUUCACCUUGAUGCCGUUCUU,GCACGCUUCUUCAAAGUCCUU,0.0
CUUACGCUGAGUACUUCGAUU,UCGAAGUACUCAGCGUAAGUU,95.0
AUCUGAAGAAGGAGAAAAAUU,UUUUUCUCCUUCUUCAGAUUU,90.0
UGAGAGAAAGCACAGAAAAUU,UUUUCUGUGCUUUCUCUCAUU,73.0
UCCAGAACAAAACCAAACGGUU,CCGUUUGGUUUGUUCUGGAUU,28.0
GGACGAGGAAGGCAAUUUAUU,UAAAUUGCCUUCCUCAUCCUU,48.0
CUGGUACGAUUUCGGUGAUUU,AGCACCGAAAUCGUACCAGUU,0.0
ACUGUCAAACCCGGUAAUUUU,AAUUACCGGGUUUGACAGUUU,15.0
GCUUGAAGUCUUUAAUUAAUU,UUAAUUAAAGACUUCAAGCGG,0.0
GCUUGAAGUCUUUAAUUAAGG,UUAAUUAAAGACUUCAAGCGG,0.0
AUCUGAAGAAGGAGAAAAAUU,UUUUUCUCCUUCUUCAGAUUU,95.0
ACCUGACGUUGUACAAAUUUU,AAUUUGUACAACGUCAGGUUU,85.0
GUGGGAGCGCGUGAUGAACUU,GUUCAUCACGCGCUCCCACUU,0.0
GCAGCACGACUUCUUCAAGUU,CUUGAAGAAGUCGUGCUGCUU,80.0
GCAGCACGACUUCUUCAAGUU,CUUGAAGAAGUCGUGCUGCUU,52.0
GCAGCACGACUUCUUCAAGUU,CUUGAAGAAGUCGUGCUGCUU,26.0
GUAUUGACAGCUAUUCGAAUU,UUCGAAUAGCUGUCAAUACUU,36.0
GCACGAAUCCUAAACCUCAUU,UGAGGUUUAGGAUUCGUGCUU,89.0
GUGGUAUUGUUCCUCCUAAUU,UUAGGAGGAACAAUACCACUU,0.0
GUGAUCAGACUCAAUACGAAU,AUUCGUAUUGAGUCUGAUCACAC,0.0
GUCAUCACACUGAAUACCAAU,AUUGGUAUUCAGUGUGAUGACAC,0.0
UUGAUGUGUUUAGUCGCUAUU,UAGCGACUAAACACAUCAAUU,0.0
UUAUCUCCAUGCACGACUCCG,UAGAGGUACGUGCUGAGGCUU,34.0
AGCGCUUAAAGGGCGAGAAGAUU,UCUUCUCGCCCUUUAAGCGCUUU,84.0
AGCGCUUAAAGGGCGAGAAGAUU,UCUUCUCGCCCUUUAAGCGCUUU,85.0
AACCCACCACAGCUAGAACUU,AAGUUCUAGCUGUGGUGGGUU,86.0
AACCCACCACAGCUAGAACUU,AAGUUCUAGCUGUGGUGGGUU,78.0
AGAAGGACUACUAACCUCCUU,GGAGGUUAGUAGUCCUUCUUU,83.0
GGACUACUAACCUCCAGUUUU,AACUGGAGGUUAGUAGUCCUU,69.0
GAAACUGGUACUUUCCCCCUU,GGGGGAAAGUACCAGUUUCUU,69.0
UUUCCCCCAGGUAACGAUUUU,AAUCGUUACCUGGGGGAAAUU,70.0
CCCCAGGUAACGAUUUUCUUU,AGAAAAUCGUUACCUGGGGUU,86.0
GGGAAACUGAAAGGCUAUGUU,CAUAGCCUUUCAGUUUCCCUU,57.0
GCGAGCAGAGAAUCUACCUUU,AGGUAGAUUCUCUGCUCGCUU,97.0
GCAGAGAAUCUACCUUUCCUU,GGAAAGGUAGAUUCUCUGCUU,79.0
ACCUUUCCACUUCUAAGCCUU,GGCUUAGAAGUGGAAAGGUUU,84.0
CUAAGCCUGUUUCUUCCUCUU,GAGGAAGAAACAGGCUUAGUU,90.0
GAAGAUAGGAAGGGGCUUCUU,GAAGCCCCUUCCUAUCUUCUU,55.0
AAUAAGCAGCUCGCGCUCCUU,GGAGCGCGAGCUGCUUAUUUU,73.0
UAGCCAGAGCCAAAGAAGCUU,GCUUCUUUGGCUCUGGCUAUU,93.0
AACAGUCCUUAGCUACGCUUU,AGCGUAGCUAAGGACUGUUUU,49.0
CUAGAGGAUCUUGAAGACCUU,GGUCUUCAAGAUCCUCUAGUU,72.0
AUCGACCUGAAGGAGUACGUU,CGUACUCCUUCAGGUCGAUUU,52.0
GAUAGGAAGGGGCUUCAGCUU,GCUGAAGCCCCUUCCUAUCUU,53.0
AGUCCCUGGAGCCUUAAACUU,GUUUAAGGCUCCAGGGACUUU,72.0
AGCCACAUUUCUAGGAGAUUU,AUCUCCUAGAAAUGUGGCUUU,39.0
GAUUCCAAACCCCACUAUCUU,GAUAGUGGGGUUUGGAAUCUU,73.0
GAUACUUCUGGUUCCCUCCUU,GGAGGGAACCAGAAGUAUCUU,53.0
AGAGAAGGGCGUCUCUACAUU,UGUAGAGACGCCCUUCUCUUU,83.0
AGUUUCUAGGGCCGUGGCCUU,GGCCACGGCCCUAGAAACUUU,90.0
GAAGAGUUAACCCGGGACUUU,AGUCCCGGGUUAACUCUUCUU,62.0
CCGCCCGGCGGCGCCUUUAUU,UAAAGGCGCCGCCGGGCGGUU,95.0
ACCGACGAUUCUUCUACUCUU,GAGUAGAAGAAUCGUCGGUUU,73.0
GGUAGAAUAGGUUUUCCCCUU,GGGGAAAACCUAUUCUACCUU,54.0
UCCCUUCCACCGCCAUAUUUU,AAUAUGGCGGUGGAAGGGAUU,58.0
CGAGUGUCUAACGGGAGCCUU,GGCUCCCGUUAGACACUCGUU,70.0
GACCACGAAGAGUUAACCCUU,GGGUUAACUCUUCGUGGUCUU,91.0
AGUUAACCCGGGACUUGGAUU,UCCAAGUCCCGGGUUAACUUU,97.0
AUCACAAACCCCUAGAGGGUU,CCCUCUAGGGGUUUGUGAUUU,35.0
AAACCCCUAGAGGGCAAGUUU,ACUUGCCCUCUAGGGGUUUUU,81.0
UCCGGCUAACUCUGAGGACUU,GUCCUCAGAGUUAGCCGGAUU,95.0
CGACGAUUCUUCUACUCAAUU,UUGAGUAGAAGAAUCGUCGUU,72.0
UAAACUUUGGGGAAGGGAGUU,CUCCCUUCCCCAAAGUUUAUU,73.0
AGCGGGGUAUGAAGAGCUUUU,AAGCUCUUCAUACCCCGCUUU,95.0
CUCCCCAGUCUCUCUUAAAUU,UUUAAGAGAGACUGGGGAGUU,72.0
GAAUAACCUGAACGUCACCUU,GGUGACGUUCAGGUUAUUCUU,59.0
ACGUCACCGAGGAGAAGUAUU,UACUUCUCCUCGGUGACGUUU,65.0
AGAAGUACCAGGAGGCGUUUU,AACGCCUCCUGGUACUUCUUU,75.0
AGCCCAGAUAGCUCUUCAGUU,CUGAAGAGCUAUCUGGGCUUU,72.0
AAACCUCAGCCCUAACGGUUU,ACCGUUAGGGCUGAGGUUUUU,94.0
UUAAGGAGAAGCUGACGGCUU,GCCGUCAGCUUCUCCUUAAUU,73.0
AAGGAACGGGGACACUUACUU,GUAAGUGUCCCCGUUCCUUUU,44.0
GGAGCACGCUUACUACCUUUU,AAGGUAGUAAGCGUGCUCCUU,77.0
GGCGGGCUCUUUCCUAUUCUU,GAAUAGGAAAGAGCCCGCCUU,77.0
CCGAGAGCUCUCCUACCUUUU,AAGGUAGGAGAGCUCUCGGUU,80.0
CUCUCCUACCUUCUCCUCUUU,AGAGGAGAAGGUAGGAGAGUU,83.0
CUACCUUCUCCUCUUCUCCUU,GGAGAAGAGGAGAAGGUAGUU,75.0
AGCCUCCAAACUCCUAGCUUU,AGCUAGGAGUUUGGAGGCUUU,43.0
UCCUAGCUGUCUUGUCCCUUU,AGGGACAAGACAGCUAGGAUU,75.0
AUACUUGGCGGGCUCUUUCUU,GAAAGAGCCCGCCAAGUAUUU,53.0
GGGGCUCUUCUACAUUCCCUU,GGGAAUGUAGAAGAGCCCCUU,77.0
GAGUAUUUCCGCUGGAACUUU,AGUUCCAGCGGAAAUACUCUU,87.0
GCUGAGGAAAGGGACAUCUUU,AGAUGUCCCUUUCCUCAGCUU,85.0
GUACUCUGAUGAGGAAGAGUU,CUCUUCCUCAUCAGAGUACUU,75.0
GGCCAAAGUAAUCGUGGUUUU,AACCACGAUUACUUUGGCCUU,93.0
GUCUAUGCCAAGAAGGGAGUU,CUCCCUUCUUGGCAUAGACUU,81.0
UCUACACCGCGCCCCCCUCUU,GAGGGGGGCGCGGUGUAGAUU,84.0
CGCCCCCCUCAAGCUACCGUU,CGGUAGCUUGAGGGGGGCGUU,81.0
GCUACCGCAACCACGAGCUUU,AGCUCGUGGUUGCGGUAGCUU,47.0
CUCCUUCAUUCCAGCCUAUUU,AUAGGCUGGAAUGAAGGAGUU,84.0
AGAAAAGCAGCGAUACGCUUU,AGCGUAUCGCUGCUUUUCUUU,78.0
GGAGCUAGACGGGUACGAGUU,CUCGUACCCGUCUAGCUCCUU,93.0
CGGGUACGAGCCGGAACCUUU,AGGUUCCGGCUCGUACCCGUU,70.0
ACGGCUCGCUACCCUCGACUU,GUCGAGGGUAGCGAGCCGUUU,87.0
AGAGGACCUAGAAGGCGGCUU,GCCGCCUUCUAGGUCCUCUUU,97.0
AACUCUACUGUGGAGUCGGUU,CCGACUCCACAGUAGAGUUUU,77.0
AGAAACGCAGUAAUCCGGAUU,UCCGGAUUACUGCGUUUCUUU,86.0
AGUAAUCCGGACUCAACUCUU,GAGUUGAGUCCGGAUUACUUU,72.0
GAGGAAGAUGAGUUGUACCUU,GGUACAACUCAUCUUCCUCUU,81.0
AGAUGUUCUCGUAAGGACGUU,CGUCCUUACGAGAACAUCUUU,62.0
UCUCGUAAGGACGAAACGAUU,UCGUUUCGUCCUUACGAGAUU,58.0
GCUGUAACCUCGGAGAGUUUU,AACUCUCCGAGGUUACAGCUU,71.0
CCUCGGAGAGUUCUACUCUUU,AGAGUAGAACUCUCCGAGGUU,87.0
GCAAGUGGCAAGAGGAUUAUU,UAAUCCUCUUGCCACUUGCUU,71.0
AUGGGAGAAGUAGUCCCCCUU,GGGGGACUACUUCUCCCAUUU,86.0
AAGUAGUCCCCCUUGAAGAUU,UCUUCAAGGGGGACUACUUUU,75.0
GGUAGGGUUGAAGAGACUUUU,AAGUCUCUUCAACCCUACCUU,97.0
AGCGCUUAAAGGGCGAGAAGAUU,UCUUCUCGCCCUUUAAGCGCUUU,86.0
GGCCUUUCUCUCUAGAUAUUU,AUAUCUAGAGAGAAAGGCCUU,91.0
GCCUCUCUAUCCUUAGCUUUU,AAGCUAAGGAUAGAGAGGCUU,49.0
AAGGACCUAGAGGAGUCACUU,GUGACUCCUCUAGGUCCUUUU,90.0
CUGACCGGAAGCGCUUAAAUU,UUUAAGCGCUUCCGGUCAGUU,87.0
UUAAAGGGCGAGAAGACCGUU,CGGUCUUCUCGCCCUUUAAUU,89.0
GAAGAGCCUACACAACCCUUU,AGGGUUGUGUAGGCUCUUCUU,77.0
CUAGAGGAUCUUGAAGACCUU,GGUCUUCAAGAUCCUCUAGUU,83.0
ACAUAGAGGAAGACGCGGAUU,UCCGCGUCUUCCUCUAUGUUU,91.0
AUCGUCGUCAGGGUAAGGUUU,ACCUUACCCUGACGACGAUUU,50.0
CUCUGGCCUUUCUCUCUAGUU,CUAGAGAGAAAGGCCAGAGUU,48.0
GACAAGGGAAGGUUAGCCUUU,AGGCUAACCUUCCCUUGUCUU,73.0
AGACUAAGCCCAAAAGGGCUU,GCCCUUUUGGGCUUAGUCUUU,48.0
CCUCCCCAUCCCCUUUUAAUU,UUAAAAGGGGAUGGGGAGGUU,81.0
AUCAGAGGGAGGUCUUAGAUU,UCUAAGACCUCCCUCUGAUUU,73.0
GGGAGGUCUUAGAAAACACUU,GUGUUUUCUAAGACCUCCCUU,84.0
GGCUUAGUCACUCCUCUUCUU,GAAGAGGAGUGACUAAGCCUU,71.0
ACCUUAAGGACCACCGGAUUU,AUCCGGUGGUCCUUAAGGUUU,77.0
CGGAUCUACACCUUCAAGAUU,UCUUGAAGGUGUAGAUCCGUU,73.0
UACCGAGAAUGAGCCUGAUUU,AUCAGGCUCAUUCUCGGUAUU,57.0
GCUUUAAGGAACUGGAAGGUU,CCUUCCAGUUCCUUAAAGCUU,38.0
UCCUCGUCGUCUGUUCUAAUU,UUAGAACAGACGACGAGGAUU,86.0
UUCUAACCGGGCAGCUUCUUU,AGAAGCUGCCCGGUUAGAAUU,73.0
GAGGAUGGAUUCGACUUAGUU,CUAAGUCGAAUCCAUCCUCUU,95.0
UAAAGCUGGAAAGGGACGGUU,CCGUCCCUUUCCAGCUUUAUU,67.0
GGAAGUAAGGACCAGAGACUU,GUCUCUGGUCCUUACUUCCUU,45.0
AAGGCCAACCGAUACUUCUUU,AGAAGUAUCGGUUGGCCUUUU,70.0
GUUCACGUCCUACCCCUUUUU,AAAGGGGUAGGACGUGAACUU,67.0
AGAGUUGGGAUUAGGGCUUUU,AAGCCCUAAUCCCAACUCUUU,71.0
UUACAAAGGAUCUCCUCCCUU,GGGAGGAGAUCCUUUGUAAUU,81.0
AACAGCCUUACCCCGAUUCUU,GAAUCGGGGUAAGGCUGUUUU,70.0
UUACCCCGAUUCAGCCUCUUU,AGAGGCUGAAUCGGGGUAAUU,84.0
UAACCCCAAGAACGGGCUUUU,AAGCCCGUUCUUGGGGUUAUU,75.0
CUAGUCGAAAGAAAACGGGUU,CCCGUUUUCUUUCGACUAGUU,57.0
AGGACGGUACUUUCGAAAGUU,CUUUCGAAAGUACCGUCCUUU,46.0
GUAUCCGAAGACGAAGCUAUU,UAGCUUCGUCUUCGGAUACUU,97.0
AGAGAGGUGGAGGUAUCUCUU,GAGAUACCUCCACCUCUCUUU,91.0
GAAAACGCUUGUAAAGCCGUU,CGGCUUUACAAGCGUUUUCUU,58.0
GCUGAACUAGUCGAAAGAAUU,UUCUUUCGACUAGUUCAGCUU,81.0
GGAAGAAGAUAGAGCAUCCUU,GGAUGCUCUAUCUUCUUCCUU,38.0
AUCUACCCAGCUCUCCCUUUU,AAGGGAGAGCUGGGUAGAUUU,79.0
AGCGAUCCCGAACAAGUAUUU,AUACUUGUUCGGGAUCGCUUU,87.0
CGAAAGUGUAUCCGAAGACUU,GUCUUCGGAUACACUUUCGUU,77.0
CCGAAGACGAAGCUAUGAAUU,UUCAUAGCUUCGUCUUCGGUU,48.0
UCUCCCACCCAAUGGAGAU,AUCUCCAUUGGGUGGGAGAUU,83.0
AAACCAGGAAGGGGAAAUCUU,GAUUUCCCCUUCCUGGUUUUU,69.0
GAAGGGGAAAUCUGUGGUUUU,AACCACAGAUUUCCCCUUCUU,66.0
GGGAGGAUGACAAAGAAGCUU,GCUUCUUUGUCAUCCUCCCUU,86.0
GAAACUGGUACUUUCCCCCUU,GGGGGAAAGUACCAGUUUCUU,90.0
AUCGCUGCUCCUCCUCCUCUU,GAGGAGGAGGAGCAGCGAUUU,72.0
AGCUCUUUGUCACCUCUCUUU,AGAGAGGUGACAAAGAGCUUU,39.0
AAUAAGCAGCUCGCGCUCCUU,GGAGCGCGAGCUGCUUAUUUU,58.0
CUAGAGGAUCUUGAAGACCUU,GGUCUUCAAGAUCCUCUAGUU,97.0
AUCGACCUGAAGGAGUACGUU,CGUACUCCUUCAGGUCGAUUU,32.0
CCCUCCCCUGUCCCCGCUUUU,AAGCGGGGACAGGGGAGGGUU,75.0
UUUGAUCAGCGGAGACUCGUU,CGAGUCUCCGCUGAUCAAAUU,94.0
AGUUAACCCGGGACUUGGAUU,UCCAAGUCCCGGGUUAACUUU,93.0
AUCACAAACCCCUAGAGGGUU,CCCUCUAGGGGUUUGUGAUUU,77.0
AAACCCCUAGAGGGCAAGUUU,ACUUGCCCUCUAGGGGUUUUU,84.0
GGAACCUCACAUCAACGCGCAUU,UGCGCGUUGAUGUGAGGUUCCUU,70.0
UGAACGUCACCGAGGAGAAUU,UUCUCCUCGGUGACGUUCAUU,87.0
AACCCAAAGGGGAGUUGCUUU,AGCAACUCCCCUUUGGGUUUU,97.0
AAAGGGGAGUUGCUGGAAGUU,CUUCCAGCAACUCCCCUUUUU,77.0
AAACGUGACUUUGGUUCCUUU,AGGAACCAAAGUCACGUUUUU,86.0
GAAUAACCUGAACGUCACCUU,GGUGACGUUCAGGUUAUUCUU,72.0
ACGUCACCGAGGAGAAGUAUU,UACUUCUCCUCGGUGACGUUU,81.0
AGAAGUACCAGGAGGCGUUUU,AACGCCUCCUGGUACUUCUUU,62.0
AAACCUCAGCCCUAACGGUUU,ACCGUUAGGGCUGAGGUUUUU,71.0
UUAAGGAGAAGCUGACGGCUU,GCCGUCAGCUUCUCCUUAAUU,87.0
AACUUCUGGGAGCCUCCAAUU,UUGGAGGCUCCCAGAAGUUUU,75.0
CCAGCGAGCCCAAAAGAAAUU,UUUCUUUUGGGCUCGCUGGUU,87.0
CUCAAAUCAAGGCCGGAGUUU,ACUCCGGCCUUGAUUUGAGUU,86.0
AGCCUCCAAACUCCUAGCUUU,AGCUAGGAGUUUGGAGGCUUU,71.0
AUACUUGGCGGGCUCUUUCUU,GAAAGAGCCCGCCAAGUAUUU,73.0
UUGGGGAAGCGGCCGGCGGUU,CCGCCGGCCGCUUCCCCAAUU,84.0
AAGGCAUGCUUCGGAAACUUU,AGUUUCCGAAGCAUGCCUUUU,96.0
GCUUCGGAAACUGGACAUCUU,GAUGUCCAGUUUCCGAAGCUU,91.0
AACUCUACUGUGGAGUCGGUU,CCGACUCCACAGUAGAGUUUU,73.0
AGAAACGCAGUAAUCCGGAUU,UCCGGAUUACUGCGUUUCUUU,87.0
GGAAGUCCACCUUCUCCGAUU,UCGGAGAAGGUGGACUUCCUU,55.0
CUCCGACAGAUGAAGGAAAUU,UUUCCUUCAUCUGUCGGAGUU,73.0
AAGGACCUAGAGGAGUCACUU,GUGACUCCUCUAGGUCCUUUU,83.0
CUGACCGGAAGCGCUUAAAUU,UUUAAGCGCUUCCGGUCAGUU,90.0
GAAGAGCCUACACAACCCUUU,AGGGUUGUGUAGGCUCUUCUU,76.0
ACAGAAAGAGUUCGAGGAGUU,CUCCUCGAACUCUUUCUGUUU,65.0
AGGAGACCGUGACAUUUCGUU,CGAAAUGUCACGGUCUCCUUU,0.0
ACCUUAAGGACCACCGGAUUU,AUCCGGUGGUCCUUAAGGUUU,73.0
CGGAUCUACACCUUCAAGAUU,UCUUGAAGGUGUAGAUCCGUU,44.0
GCUUUAAGGAACUGGAAGGUU,CCUUCCAGUUCCUUAAAGCUU,77.0
GAGAGAGACGGUGGAAGAAUU,UUCUUCCACCGUCUCUCUCUU,75.0
AUCCUGCAGAAGAAGCCUCUU,GAGGCUUCUUCUGCAGGAUUU,53.0
UCCUCGUCGUCUGUUCUAAUU,UUAGAACAGACGACGAGGAUU,84.0
AACCCACCACAGCUAGAACUU,GUUCUAGCUGUGGUGGGUUUU,89.0
UUACAAAGGAUCUCCUCCCUU,GGGAGGAGAUCCUUUGUAAUU,77.0
AAACGAGAGAGCCCACCUUUU,AAGGUGGGCUCUCUCGUUUUU,58.0
AAAGCGGUGGAUCAGCUCUUU,AGAGCUGAUCCACCGCUUUUU,69.0
UCCAAGCUUCCUCGUUGGUUU,ACCAACGAGGAAGCUUGGAUU,71.0
AGAGAGGUGGAGGUAUCUCUU,GAGAUACCUCCACCUCUCUUU,90.0
CCGAAGACGAAGCUAUGAAUU,UUCAUAGCUUCGUCUUCGGUU,73.0
AACCUUACCCACCUCAUGUAUCU,AGAUACAUGAGGUGGGUAAGGUU,86.0
AACCUUACCCACCUCAUGUAUCU,AGAUACAUGAGGUGGGUAAGGUU,97.0
AAGUAAGGACCAGAGACAAA,UUUGUCUCUGGUCCUUACUU,55.0
GGCCUUUCACUACUCCUACGA,GUAGGAGUAGUGAAAGGCCAG,82.0
GGCCUUUCACUACUCCUACGA,GUAGGAGUAGUGAAAGGCCAG,0.0
UCCUACAGCACAACAAAUGUG,CAUUUGUUGUGCUGUAGGAAG,50.0
UCCUACAGCACAACAAAUGUG,CAUUUGUUGUGCUGUAGGAAG,35.0
UCCUACAGCACAACAAAUGUG,CAUUUGUUGUGCUGUAGGAAG,0.0
GGCCUUUCACUACUCCUACGA,GUAGGAGUAGUGAAAGGCCAG,58.0
GGCCUUUCACUACUCCUACUU,AGUAGGAGUAGUGAAAGGCCUU,97.0
UAAGGCUAUGAAGAGAUACUU,AGUAUCUCUUCAUAGCCUUAUU,1.0
GGCCUUUCACUACUCCUACGA,GUAGGAGUAGUGAAAGGCCAG,12.0
UCCUACAGCACAACAAAUGUG,CAUUUGUUGUGCUGUAGGAAG,75.0
UCCUACAGCACAACAAAUGUG,CAUUUGUUGUGCUGUAGGAAG,13.0
CUUACGCUGAGUACUUCGAUU,UCGAAGUACUCAGCGUAAGUU,96.0
UGAAUCAGAAGAUGAAGUCAA,GACUUCAUCUUCUGAUUCAAG,60.0
UGAAUCAGAAGAUGAAGUCAA,GACUUCAUCUUCUGAUUCAAG,94.0
UAACUAGAGAUCCCUCAGACC,UCUGAGGGAUCUCUAGUUACC,0.0
GUAACUAGAGAUCCCUCAGAC,CUGAGGGAUCUCUAGUUACCA,0.0
AACUAGAGAUCCCUCAGACCC,GUCUGAGGGAUCUCUAGUUAC,0.0
GCGCGCUUUGUAGGAUUCGUU,CGAAUCCUACAAAGCGCGCUU,0.0
CGUACGCGGAAUACUUCGAUU,UCGAAGUAUUCCGCGUACGUU,95.4
AAACAUGCAGAAAAUGCUGUU,CAGCAUUUUCUGCAUGUUUUU,41.7
AAACAUGCAGAAAAUGCCUUU,CAGCAUUUUCUGCAUGUUUUU,69.7
